-- phpMyAdmin SQL Dump
-- version 4.7.9
-- https://www.phpmyadmin.net/
--
-- Host: 127.0.0.1
-- Generation Time: Mar 18, 2020 at 02:36 PM
-- Server version: 10.1.31-MariaDB
-- PHP Version: 7.2.3

SET SQL_MODE = "NO_AUTO_VALUE_ON_ZERO";
SET AUTOCOMMIT = 0;
START TRANSACTION;
SET time_zone = "+00:00";


/*!40101 SET @OLD_CHARACTER_SET_CLIENT=@@CHARACTER_SET_CLIENT */;
/*!40101 SET @OLD_CHARACTER_SET_RESULTS=@@CHARACTER_SET_RESULTS */;
/*!40101 SET @OLD_COLLATION_CONNECTION=@@COLLATION_CONNECTION */;
/*!40101 SET NAMES utf8mb4 */;

--
-- Database: `shopping`
--

-- --------------------------------------------------------

--
-- Table structure for table `menu`
--

CREATE TABLE `menu` (
  `Menu_id` int(11) NOT NULL,
  `Menu_name` varchar(50) NOT NULL,
  `Menu_ingredients` varchar(500) NOT NULL,
  `Menu_cook` varchar(1000) NOT NULL,
  `Menu_img` varchar(500) NOT NULL,
  `Pro_id` int(11) NOT NULL
) ENGINE=InnoDB DEFAULT CHARSET=utf8;

--
-- Dumping data for table `menu`
--

INSERT INTO `menu` (`Menu_id`, `Menu_name`, `Menu_ingredients`, `Menu_cook`, `Menu_img`, `Pro_id`) VALUES
(111, 'asdfg', '11111', '11111 ', '1022', 0),
(1001, 'ซุปบรอกโคลีสูตรดีท็อกซ์', '• บรอกโคลี (หั่นชิ้นเล็ก ๆ) 1 หัว<br>\r\n• นมมะพร้าว 400 มิลลิลิตร (หรือนมสดตามชอบ)<br>\r\n• เกลือป่น<br>\r\n• พริกไทยป่น<br>\r\n• ผงจันทน์เทศ<br>\r\n• ถั่วแมคคาเดเมีย (ทุบหยาบ ๆ)<br>\r\n• พาร์สลีย์สับ<br>\r\n• อะโวคาโดหั่นชิ้น<br>\r\n', '• 1. ใส่นมมะพร้าวลงในหม้อหรือกระทะ ตามด้วยบรอกโคลี พอเดือดแล้วให้เคี่ยวต่ออีกประมาณ 5 นาทีหรือจนบรอกโคลีนิ่ม ปิดเตา พักทิ้งไว้ให้เย็น<br>\r\n• 2. เทซุปบรอกโคลีที่เย็นแล้วใส่ลงในเครื่องปั่น ปั่นจนเนื้อเนียนละเอียด เสร็จแล้วเทใส่กระทะ ปรุงรสด้วยเกลือ พริกไทย และผงจันทน์เทศ พอเดือดเทใส่ภาชนะ แต่งด้วยถั่วแมคคาเดเมีย พาร์สลีย์สับ และอะโวคาโด', 'images/f1_03.jpg', 1007),
(1002, 'XXXXXXXX', '• ฟักสปาเกตตี 1 ลูก (ผ่าครึ่ง)\r\n• สเปรย์น้ำมันมะกอก\r\n• บรอกโคลีสับ 2 ถ้วย\r\n• กระเทียมสับ 3 กลีบ\r\n• พริกป่น 1 ช้อนชา\r\n• เกลือป่น\r\n• พริกไทย\r\n• ผงปรุงรสอิตาเลียน 1 ช้อนชา\r\n• มอสซาเรลล่าชีส (สูตรไขมันต่ำ) ขูดฝอย 1/2 ถ้วย\r\n• พาร์มีซานชีสขูด 1/3 ถ้วย\r\n', '• 1. ใส่น้ำเปล่า 1/4 ถ้วย นำเข้าไมโครเวฟพร้อมกับฟักสปาเกตตีที่ผ่าครึ่งไว้ นำไปวางข้าง ๆ ถ้วย ใช้เวลา 9-11 นาทีหรือจนฟักสุกนิ่ม นำออกมาพักไว้จนเย็น ประมาณ 10 นาที ส่วนฟักสปาเกตตีอีกครึ่งหนึ่งก็ทำเช่นเดียวกัน\r\n• 2. ฉีดสเปรย์น้ำมันลงในกระทะใช้ไฟปานกลาง ใส่พริกป่นลงไปคั่ว ประมาณ 30 วินาที ตามด้วยบรอกโคลีกับกระเทียม คนผสมจนเข้ากัน เติมน้ำเปล่า 2 ช้อนโต๊ะ เร่งเป็นไฟแรง ประมาณ 3-5 นาทีหรือจนบรอกโคลีนิ่ม ตักส่วนผสมใส่ภาชนะ เทน้ำทิ้งไป\r\n• 3. ใช้ส้อมขูดเนื้อฟักสปาเกตตีทั้งสองซีกใส่ลงในชามบรอกโคลี โรยพาร์มีซานชีส เกลือ พริกไทย และผงปรุงรสอิตาเลียน คนผสมจนเข้ากัน เทใส่ลงไปในเปลือกฟักสปาเกตตีทั้งสองซีก โรยมอสซาเรลล่าชีส ใส่ชามนำไปอบ ซีกละประมาณ 2-3 นาทีหรือจนชีสเปลี่ยนเป็นสีน้ำตาล\r\n', 'images/f2_03.jpg', 1004),
(1003, 'aaaaผัดบรอกโคลีกับเห็ดแชมปิญอง', '• บรอกโคลี (หั่นเป็นชิ้นพอดีคำ) 200 กรัม<br>\r\n• เกลือป่น (สำหรับลวกผัก)<br>\r\n• น้ำมันมะกอกสำหรับผัด 3 ช้อนโต๊ะ<br>\r\n• เห็ดแชมปิญอง (หั่นบาง) 100 กรัม<br>\r\n• พริกหวานสีเหลืองกับสีแดง 100 กรัม<br>\r\n• น้ำปลา 1 ช้อนโต๊ะ<br>\r\n• น้ำมันหอย 1 ช้อนโต๊ะ<br>\r\n• น้ำตาลทราย 1 ช้อนชา<br>', '• 1. ใส่บรอกโคลีในน้ำเดือด เติมเกลือลงไปเล็กน้อย ลวกประมาณ 1 นาที ตักผักทั้งหมดแช่ในน้ำเย็นจัด เตรียมไว้<br>\r\n• 2. ใส่น้ำมันมะกอกลงในกระทะ นำขึ้นตั้งไฟจนร้อน ใส่บรอกโคลี ตามด้วยแชมปิญอง และพริกหวาน ปรุงรสด้วยน้ำปลา น้ำมันหอย และน้ำตาลทราย ผัดจนเข้ากันดี ตักใส่จาน พร้อมเสิร์ฟ', 'images/f3_03.jpg', 1004),
(1004, 'บรอกโคลีซอสปูใส่กุ้ง', '• บรอกโคลี (ไม่เอาก้าน) 200 กรัม<br>\r\n• เกลือป่น (สำหรับลวกผัก) 1/2 ช้อนชา<br>\r\n• เนื้อปู 120 กรัม<br>\r\n• กุ้งสด (ปอกเปลือก ผ่าหลังดึงเส้นดำออก) 7 ตัว<br>\r\n• น้ำซุปไก่ 1/2 ถ้วยตวง<br>\r\n• น้ำตาลทราย 1/2 ช้อนชา<br>\r\n• ซอสหอยนางรม 1/2 ช้อนโต๊ะ<br>\r\n• ซีอิ๊วขาว 1 ช้อนโต๊ะ<br>\r\n• น้ำมันงา 1/2 ช้อนโต๊ะ<br>\r\n• เหล้าจีน 1/2 ช้อนโต๊ะ<br>\r\n• พริกไทยป่น 1/2 ช้อนชา<br>\r\n• แครอทสับ 1 ช้อนโต๊ะ<br>\r\n• แป้งมันสำปะหลังผสมน้ำเปล่าเล็กน้อย 2+1/2 ช้อนโต๊ะ<br>', '• 1. ต้มน้ำเปล่าให้เดือด ใส่บรอกโคลี และเกลือป่น ลงต้ม 2 นาที ตักขึ้นแช่น้ำเย็นและพักไว้ให้เย็น จัดใส่จาน<br>\r\n• 2. ต้มน้ำซุปไก่ให้เดือด เติมเนื้อปู กุ้งสด และแครอท พอเริ่มเดือดปรุงรสด้วยน้ำตาลทราย ซอสหอยนางรม ซีอิ๊วขาว น้ำมันงา เหล้าจีน และพริกไทยป่น คนให้เข้ากัน<br>\r\n• 3. เติมแป้งมันสำปะหลังลงในน้ำซุป คนให้เข้ากันจนข้นเหนียว ราดบนบรอกโคลี จัดเสิร์ฟ<br>', 'images/f4_03.jpg', 1003),
(1005, 'ไข่ตุ๋นกะหล่ำปลี', '• กะหล่ำปลี 1 หัว<br>\r\n• ไข่ไก่ หรือไข่เป็ด (เบอร์ 0) จำนวน 2 ฟอง<br>\r\n• น้ำซุป 5 ช้อนโต๊ะ<br>\r\n• น้ำปลา 1 ช้อนชา<br>\r\n• ซีอิ๊วขาว 1 ช้อนชา<br>\r\n• แครอท หั่นเป็นชิ้นเล็ก ๆ (ใส่หรือไม่ใส่ก็ได้)<br>\r\n• ต้นหอมซอย<br>\r\n• พริกไทย (ใส่หรือไม่ใส่ก็ได้)<br>\r\n', '• 1. แหวกกะหล่ำปลีให้เป็นช่องตรงกลางสำหรับใส่ไข่ลงไป กะดูว่าปริมาณไข่ที่จะใส่พอดีหรือไม่<br>\r\n• 2. ตอกไข่ใส่ชามแล้วตีให้ขึ้นฟู ใส่น้ำซุป น้ำปลา ซีอิ๊วขาว และพริกไทยลงไป ตีให้เข้ากัน ใส่แครอท นำไปหยอดใส่ลงในกะหล่ำปลีที่เจาะไว้<br>\r\n• 3. นำไปนึ่งจนกว่าไข่จะสุก โดยให้ใช้ส้อมกดลงไปดู ถ้าไม่มีน้ำไข่ดิบไหลออกมา เอาเป็นว่าใช้ได้ ปิดไฟ ยกลง โรยหน้าด้วยต้นหอมซอย พร้อมเสิร์ฟ', 'images/f1_01.jpg', 1001),
(1006, ' กะหล่ำปลีทอดน้ำปลา', '• กะหล่ำปลี 1 หัว<br>\r\n• กระเทียม 2 หัว<br>\r\n• น้ำปลา 2 ช้อนโต๊ะ<br>\r\n• น้ำมันพืชเล็กน้อย (สำหรับผัด)<br>', '• 1. หั่นกะหล่ำปลีเป็นชิ้นเล็ก ๆ แล้วดึงแยกออกจากกัน นำไปล้างให้สะอาด เตรียมไว้<br>\r\n• 2. ใส่น้ำมันพืชลงในกระทะ นำขึ้นตั้งไฟแรง พอน้ำมันร้อนใส่กระเทียมลงไปเจียวจนหอม<br>\r\n• 3. ใส่กะหล่ำปลีลงไปในกระทะ (ยังไม่ต้องผัด) ให้ทิ้งไว้ 10 วินาทีก่อน จากนั้นค่อย ๆ ผัดให้กะหล่ำปลีโดนความร้อนทั่ว ๆ แต่ยังไม่ต้องสุกมาก<br>\r\n• 4. ราดน้ำปลาลงไปรอบ ๆ ขอบกระทะ (ยังไม่ต้องผัด) รอจนมีกลิ่นน้ำปลาหอม ๆ ลอยขึ้นมาก่อน แล้วค่อยผัดให้ทุกอย่างเข้ากัน พอผัดจนกะหล่ำปลีสุกแล้ว ตักใส่จาน พร้อมเสิร์ฟ<br>', 'images/f2_01.jpg', 1001),
(1007, 'กะหล่ำปลีทอดซีอิ๊ว', '• กะหล่ำปลีฉีกเป็นชิ้น (เล็กใหญ่ตามชอบ)<br>\r\n• เห็ดหอมแช่น้ำจนนิ่ม หั่นเป็นเส้น ๆ<br>\r\n• ซีอิ๊วขาว<br>\r\n• น้ำมันพืช<br>', '• 1. ตั้งกระทะด้วยไฟแรง ใส่น้ำมันพืชลงไป เจียวเห็ดหอมให้หอม<br>\r\n• 2. ใส่กะหล่ำปลีลงไป (ไม่ต้องรีบคลุกทิ้งไว้สักครู่) จากนั้นค่อย ๆ ผัดกะหล่ำปลีให้สุกเกือบทั่ว นำมารวมตรงกลางกระทะ<br>\r\n• 3. เหยาะซีอิ๊วขาวบริเวณด้านข้างกระทะ รอสักครู่จะได้กลิ่นไหม้เบา ๆ ของซีอิ๊ว (ไม่ต้องรีบคลุกรอสักครู่ค่อยผัด) โดยนำกะหล่ำปลีไปถู ๆ กับขอบกระทะที่เราเหยาะซีอิ๊วไปเมื่อสักครู่ พอสุกทั่วปิดไฟ ตักใส่จาน พร้อมเสิร์ฟ', 'images/f3_01.jpg', 1001),
(1008, 'กะหล่ำปลีห่อหมู', '• กะหล่ำปลี 1 หัว<br>\r\n• กระเทียม<br>\r\n• พริกไทยเม็ด<br>\r\n• เนื้อสะโพกไก่ หรือเนื้อหมู<br>\r\n• ซีอิ๊วขาว<br>\r\n• น้ำมันหอย<br>\r\n• น้ำตาลทราย (เล็กน้อย)<br>\r\n• น้ำเปล่า (สำหรับลวก)<br>\r\n• น้ำเย็น (สำหรับแช่ผักกาดขาว)', '• 1. โขลกกระเทียมกับพริกไทยให้ละเอียด พักไว้<br>\r\n• 2. สับไก่ (หรือหมู) ให้ละเอียด หมักด้วยกระเทียมกับพริกไทย ปรุงรสด้วยซีอิ๊วขาว น้ำมันหอย และน้ำตาลทรายเล็กน้อย พักทิ้งไว้อย่างน้อย 30 นาที หรือข้ามคืน<br>\r\n• 3. ลวกกะหล่ำปลีในน้ำเดือดแล้วแช่ในน้ำเย็นจัด ทิ้งไว้ให้สะเด็ดน้ำ ตัดก้านทิ้งเอาแต่ส่วนใบ<br>\r\n• 4. นำไก่สับ หรือหมูสับมาวางลงบนใบกะหล่ำปลีแล้วห่อให้สวยงาม<br>\r\n• 5. นำไปวางในชุดนึ่งแล้วนึ่งในน้ำเดือดประมาณ 5 นาที หรือจนสุก เสิร์ฟพร้อมน้ำจิ้มซีฟู้ดหรือน้ำจิ้มสุกี้\r\n', 'images/f4_01.jpg', 1001),
(1009, 'ส้มตำกรอบแครอท', '• แครอท<br>\r\n• แป้งทอดกรอบ (หรือแป้งสาลี)<br>\r\n• น้ำมันพืชสำหรับทอด<br>\r\n• พริกขี้หนูเม็ดเล็ก 10 เม็ด<br>\r\n• กระเทียม 5 กลีบ<br>\r\n• กุ้งแห้ง<br>\r\n• ถั่วฝักยาว<br>\r\n• มะเขือเทศ<br>\r\n• น้ำปลา 3 ช้อนโต๊ะ<br>\r\n• น้ำมะนาว 3 ช้อนโต๊ะ<br>\r\n• น้ำตาลปี๊บ 2 ช้อนโต๊ะ<br>\r\n• น้ำมะขามเปียก 1 ช้อนโต๊ะ<br>\r\n• กุ้งสดลวกสุก<br>\r\n• ถั่งลิสงคั่ว', '• 1. ปอกเปลือกแครอท จากนั้นขูดเป็นเส้น นำไปผึ่งลมไว้สักครู่<br>\r\n• 2. ใส่พริกขี้หนูกับกระเทียมบุบหยาบ ๆ จากนั้นใส่กุ้งแห้งและถั่วฝักยาวบุบพอแตก ตามด้วยมะเขือเทศ ปรุงรสด้วยน้ำปลา น้ำมะนาว น้ำตาลปี๊บ และน้ำมะขามเปียก คลุกเคล้าให้เข้ากัน ชิมรสให้ถูกใจ ใส่กุ้งลวกสุก ตักใส่ถ้วย โรยด้วยถั่วลิสงคั่ว เตรียมไว้<br>\r\n• 3. ใส่แครอทลงในอ่างผสม ใส่แป้งทอดกรอบ คลุกเคล้าให้เข้ากันจนทั่ว\r\n• 4. ตั้งกระทะใส่น้ำมันพืชใช้ไฟไม่ต้องแรง รอจนน้ำมันร้อน ใส่แครอทคลุกแป้งลงทอดให้เหลืองกรอบ ตักขึ้นพักให้สะเด็ดน้ำมัน ตักใส่จาน จัดเสิร์ฟ', 'images/f1_02.jpg', 1002),
(1010, 'แครอทอบน้ำผึ้ง', '• แครอทปอกเปลือกหั่นชิ้นหนา 1+1/2 นิ้ว 1.5 กิโลกรัม<br>\r\n• น้ำมันมะกอก 3 ช้อนโต๊ะ<br>\r\n• เกลือป่น<br>\r\n• พริกไทยดำป่น<br>\r\n• น้ำผึ้ง 3 ช้อนโต๊ะ<br>\r\n• แอปเปิลไซเดอร์ 1+1/2 ช้อนโต๊ะ<br>\r\n• พาร์สลีย์สับ 2+1/2 ช้อนโต๊ะ<br>\r\n• ใบไทม์ 1 ช้อนโต๊ะ', '• 1. เปิดเตาอบที่อุณหภูมิ 400 องศาฟาเรนไฮต์ เตรียมไว้<br>\r\n• 2. วางแครอทบนกระดาษรองอบ พรมน้ำมันพืชลงไป โรยเกลือและพริกไทยดำ นำไปอบประมาณ 20 นาที นำออกมาพักไว้<br>\r\n• 3. คนผสมน้ำผึ้งกับแอปเปิลไซเดอร์ เอาไปพรมบนแครอท นำไปอบต่อประมาณ 10-20 นาที นำออกมาโรยพาร์สลีย์กับใบไทม์ จัดเสิร์ฟ<br>', 'images/f2_02.jpg', 1002),
(1011, 'ซุปครีมแครอท', '• น้ำมันมะพร้าว 1+1/2 ช้อนชา<br>\r\n• หอมใหญ่หั่นเต๋า 1 หัว<br>\r\n• ขิงสดขูดเส้น<br>\r\n• กระเทียม 2-4 กลีบ<br>\r\n• แครอทปอกเปลือกหั่นเต๋า 750 กรัม<br>\r\n• น้ำซุปผัก 3 ถ้วย<br>\r\n• ผักชีสับ<br>\r\n• นมมะพร้าว 1 กล่อง<br>\r\n• น้ำมะนาว 1-3 ช้อนชา<br>\r\n• พริกคาเยนหั่น 1 เม็ด', '• 1. ใส่น้ำมันมะพร้าวลงในหม้อใช้ความร้อนปานกลาง ใส่หอมใหญ่ กระเทียม และขิงลงไปผัดประมาณ 5 นาที<br>\r\n• 2. ใส่แครอทลงไปผัดประมาณ 3 นาที เติมน้ำซุปกับผักชีลงไป รอจนเดือดลดเป็นไฟต่ำ เคี่ยวไปเรื่อย ๆ ประมาณ 15-40 นาทีหรือจนแครอทสุกนุ่ม<br>\r\n• 3. เทซุปแครอทลงไปปั่นจนเนียนละเอียด เทกลับลงไปในหม้อ เติมนมมะพร้าวลงไป ถ้าซุปข้นเกินไปเติมน้ำลงไปนิดหน่อย ใส่น้ำมะนาวกับเกลือลงไป<br>\r\n• 4. ตักใส่ถ้วย แต่งด้วยพริกคาเยนกับผักชี', 'images/f3_02.jpg', 1002),
(1012, 'ก๋วยเตี๋ยวเส้นแครอท', '• แครอทขูดเป็นเส้น 3 หัว<br>\r\n• น้ำมันมะกอก 1 ช้อนชา<br>\r\n• ผักบ๊อกฉ่อย หรือผักโขม<br>\r\n• ผักชีสับ<br>\r\n• มะนาวผ่าซีก<br>\r\n• งาคั่ว<br>\r\n• เต้าหู้หั่นสี่เหลี่ยม 1 ชิ้น<br>\r\n• ซีอิ๊วขาว 1 ช้อนชา', '• 1. ทำซอสขิง โดยคนผสมส่วนผสมทั้งหมดจนเข้ากัน<br>\r\n• 2. ทำเต้าหู้ทอด โดยตั้งกระทะใช้ไฟกลางค่อนข้าวสูง พอร้อนใส่น้ำมันลงไป ใส่เต้าหู้ลงทอดจนสุกเหลือง ตักใส่ชามผสม เติมซีอิ๊วขาวลงไป<br>\r\n• 3. ทำก๋วยเตี๋ยวเส้นแครอท โดย ใส่น้ำมันลงในกระทะใช้ไฟกลางค่อนข้างสูง ใส่เส้นแครอทและบ๊อกฉ่อยลงไปผัดประมาณ 2 นาที หรือจนแครอทเริ่มนิ่ม ใส่ซอสขิงลงไปผัดผสมประมาณ 1 นาที ปิดเตา ใส่เต้าหู้ทอดลงไปผัดพอเข้ากัน<br>\r\n• 4. จัดใส่ภาชนะ โรยผักชีสับกับงาคั่ว เสิร์ฟพร้อมมะนาว', 'images/f4_02.jpg', 1002),
(1456, 'asdf', 'dsadfsf', 'dsadfasdf ', '', 1234),
(13697418, 'สลัดผักกวางตุ้งกับอกไก่ต้ม', '-อกไก่ลอกหนังต้ม (ฉีกเป็นเส้น) 300 กรัม<br>\r\n-ผักกวางตุ้งฮ่องเต้ต้นเล็ก 100 กรัม<br>\r\n- วุ้นเส้น (แช่น้ำพอนุ่มลวกสุก) 50 กรัม<br>\r\n- พริกหวานสีแดง (คว้านไส้ออก หั่นเป็นเส้นใหญ่) 1 เม็ด<br>\r\n-ผักสลัดรวมตามชอบ เช่น ผักเรดคอรัล ผักกาดแรดิชชิโอ หรือผักกรีนคอส<br>\r\n-น้ำมันมะกอก (Extra Virgin) 3 ช้อนโต๊ะ<br>\r\n-งาขาวคั่ว 1 ช้อนโต๊ะ<br>\r\n-น้ำมันงา 1/4 ถ้วยตวง<br>\r\n-น้ำปลา 1/4 ถ้วยตวง<br>\r\n- น้ำมะนาวสด 3 ช้อนโต๊ะ<br>\r\n-กระเทียมกลีบใหญ่ (สับละเอียด) 1 ช้อนชา<br>\r\n- ขิงสด (สับละเอียด) 1 ช้อนโต๊ะ<br>\r\n- พริ', '1. ผสมส่วนผสมน้ำสลัดให้เข้ากัน เตรียมไว้<br>\r\n2. ล้างผักกวางตุ้งฮ่องเต้และผักสลัดให้สะอาด พักให้สะเด็ดน้ำ หั่นผักกวางตุ้งใบใหญ่ครึ่งใบ <br>\r\nและจัดเรียงใส่จาน ตามด้วยผักสลัดและวุ้นเส้น<br>\r\n3. เรียงพริกหวาน และอกไก่ต้มฉีกเป็นเส้นลงด้านบน ราดด้วยน้ำสลัด 4-5 ช้อนโต๊ะ จัดเสิร์ฟ ', 'img_menu/13697418.jpg', 252778367),
(132923723, 'ไข่ตุ๋นนมสดผักโขม', '-ไข่ไก่ฟองใหญ่ 5 ฟอง<br>\r\n-นมข้นจืด 1 ถ้วย<br>\r\n-น้ำซุปไก่ 1/2 ถ้วย<br>\r\n-เกลือป่น 1/2 ช้อนชา<br>\r\n-พริกไทยป่น 1/2 ช้อนชา<br>\r\n-ผักโขมลวกสับ 1/2 ถ้วย<br>\r\n-ก้ามปูหิมะเทียม 7 ชิ้น\r\n ', '1. ผสมไข่ไก่ นมข้นจืด และน้ำซุปไก่ เข้าด้วยกัน ปรุงรสด้วยเกลือและพริกไทย คนให้เข้ากัน <br>\r\nกรองด้วยกระชอนให้ไข่เป็นเนื้อเดียวกัน<br>\r\n2. แบ่งส่วนผสมไข่ประมาณ 1/3 ส่วน นำไปผสมกับผักโขม เทใส่ถ้วยสำหรับนึ่ง นึ่งพอสุก <br>\r\nนำส่วนผสมไข่ที่เหลือมาใส่ก้ามปู เทใส่ชามเดิม นึ่งต่อจนสุก   ', 'img_menu/132923723.jpg', 137602815),
(162011883, 'ผักโขมอบชีส12', 'asdf', 'asdd ', 'img_menu/162011883.jpg', 137602815),
(472803458, 'สสสส', 'เเเเเเเ', 'พะพะพัพะัะีััร ', 'img_menu/472803458.jpg', 1009),
(500463530, 'ผัดผักกวางตุ้ง', '-ผักกวางตุ้ง<br>\r\n-เห็ด<br>\r\n-น้ำมันพืช 2ช้อนชา<br>\r\n-พริกสด<br>\r\n-กระเทียม<br>\r\n-น้ำมันหอย1ช้อนโต๊ะครึ่ง', '1.นำกระทะตั้งเตาแล้วใส่น้ำมันเล็กน้อย นำพริกและกระเทียมสับละเอียดใส่ลงไปผัดพอมีกลิ่นหอม<br>\r\n2.นำผักกวางตุ้งลงไปผัดต่อ ตามด้วยเห็ด<br>\r\n3.ปรุงรสชาติด้วยน้ำมันหอย ซีอิ๊วขาว<br>\r\n4.ปิดไฟใส่จานพร้อมเสริฟ  ', 'img_menu/500463530.jpg', 252778367),
(512387479, 'qqqq', 'dsxfdgdfgdf', 'gfdsgdfghfd ', 'img_menu/512387479.jpg', 137602815),
(515234195, 'ผักกวางตุ้งต้มกระดูกหมู ', '-หมูซีก300 กรัม<br>\r\n-ผักกวางตุ้ง1 แพ็ค<br>\r\n-เกลือ2 ช้อนชา<br>\r\n-ซีอิ๊วขาว3 ช้อนชา<br>\r\n-น้ำเปล่า ', '1.เตรียมส่วนผสมให้พร้อม<br>\r\n2.ต้มน้ำ ใส่เกลือลงไป<br>\r\n3.ตามด้วยซีกหมูเคล็ดลับ: เพื่อให้เนื้อหมูนิ่ม น้ำซุปหอมๆ ควรต้มทิ้งไว้สักครึ่ง ชม.<br>\r\n4.ใส่ซีอิ๊วขาวลงไป<br>\r\n5.รอจนหมูซีกเริ่มเปื่อยได้ที่ ใส่ผักกวางตุ้งลงไป<br>\r\n6.ต้มจนผักเริ่มอ่อน ปิดเตา พร้อมทานได้เลย  ', 'img_menu/515234195.jpg', 252778367),
(981939436, 'ผักโขมอบชีส', '-เนยสด<br>\r\n-หอมใหญ่ (หั่นเต๋า) 1/2 หัว<br>\r\n-แป้งสาลีอเนกประสงค์ 1 ช้อนโต๊ะ<br>\r\n-แฮม หรือเบคอน (หั่นเต๋า)<br>\r\n-นมจืด<br>\r\n-ผักโขม (หั่นหยาบ)<br>\r\n-เกลือป่น 1/2 ช้อนชา<br>\r\n-พริกไทยป่น<br>\r\n-น้ำตาลทราย เล็กน้อย<br>\r\n-ออริกาโน่ (ใส่หรือไม่ใส่ก็ได้)<br>\r\n-มอสซาเรลล่าชีส<br>\r\n-เชดดาร์ชีส<br>\r\n-พาร์มีซานชีส', '1. ตั้งกระทะ ใส่เนยสดและหอมใหญ่ลงไปผัดพอสุก จากนั้นใส่แป้งสาลีอเนกประสงค์ลงไป<br>\r\n2. ใส่แฮมและนมจืดไปลงไปส่วนหนึ่งก่อน (เพื่อให้แป้งไม่ไหม้ติดกระทะ) ผัดสักครู่ให้แป้งเป็นก้อน<br> จากนั้นใส่ผักโขมลงไป เติมนมจืดลงไปอีก ปรุงรสด้วยเกลือป่น พริกไทยป่น และน้ำตาล<br>ทราย เทใส่จาน พักไว้ แล้วค่อยใส่ลงในถาดฟอยล์<br>\r\n3.วางมอสซาเรลล่าชีสบนผักโขม แซมด้วยเชดดาร์ชีสเล็กน้อยเพื่อให้มีรสเค็มอร่อยขึ้น หรือจะโรย<br>พาร์มีซานชีสให้กลิ่นหอมน่ากินขึ้นด้วยก็ได้ (ถ้าใส่เยอะไปจะฉุนไม่อร่อยนะจ๊ะ)<br>\r\n4. นำเข้าเตาอบ โดยใช้ไฟบน-ล่าง เวลาประมาณ 10-12 นาที อบไปประมาณ 6-7 นาที ต้องเปิดฝามา<br>หมุนทิศทางให้มันได้ความร้อนทั่ว ๆ กัน เอาออกมาโรยออริกาโน่ พร้อมเสิร์ฟ<br> ', 'img_menu/981939436.jpg', 137602815),
(998131944, 'ลาซานญ่าผักโขมอบชีส', '-น้ำมันมะกอก (สำหรับผัดผักโขม) 2 ช้อนโต๊ะ<br>\r\n-กระเทียม (สับละเอียด) 1 กลีบใหญ่<br>\r\n-หอมใหญ่ (ซอยละเอียด) 2 หัว<br>\r\n-เกลือ<br>\r\n-พริกไทย<br>\r\n-ใบไทม์สับละเอียด พอประมาณ (ไทม์เป็นเครื่องเทศของครัวฝรั่ง)<br>\r\n-เนยสด 2 ช้อนโต๊ะ (เพิ่มความหอมอบอวล ชวนหม่ำ)<br>\r\n-ผักโขมสด 500 กรัม (ล้างสะอาดซับน้ำให้แห้งเพราะเราไม่ต้องการน้ำแฉะ ๆ ลงไปในตัวลาซานญ่า)<br>\r\n-ริคอตต้าชีส 250 กรัม<br>\r\n-พาร์มีซานชีส ตามชอบ<br>\r\n-มอสซาเรลล่าชีส ตามชอบ<br>\r\n-แผ่นพาสต้าลาซานญ่าอบแข็ง', '1. เปิดเตาอบที่อุณหภูมิ 180 องศาเซลเซียส (ใช้เวลา 30-45 นาที) โดยแบ่งเวลาอบเป็น 2 ส่วน<br>\r\n โดยช่วง 15 นาทีหลัง อบแบบไม่มีฟอยล์ เพื่อจะทำให้หน้าของลาซานญ่าน่ากิน  <br>\r\n2. ใช้เนยสดทาฟอยล์ให้ทั่ว ตามด้วยซอสครีม วางแผ่นลาซานญ่าลงไปในฟอยล์ ตามด้วยผักโขมที่<br>เตรียมไว้ โรยมอสซาเรลล่าชีส ริคอตต้าชีส และพาร์มีซานชีส ราดซอสครีมลงไป <br>\r\nปิดด้วยแผ่นพาสต้าลาซานญ่า หักให้แผ่นแตก ๆ ตอนเสิร์ฟจะได้ตัดง่าย ๆ<br>\r\n3. ทำชั้นต่อ ๆ ไปเหมือนเดิม ชั้นสุดท้าย วางแผ่นพาสต้าลงไป ราดซอสครีมให้ทั่ว ตามด้วยมอสซา<br>เรลล่าชีส และ พาร์มีซานชีส เรียบร้อยแล้วก็ใช้ฟอยล์ปิดไว้<br>\r\n4. พอถึง 15 นาทีสุดท้ายเอาแผ่นฟอยล์ออกเพื่อให้หน้าลาซานญ่าสวยน่ากิน อบเสร็จเรียบร้อย<br> \r\nยกออกจากเตา พักไว้ประมาณ 5-7 นาที เพื่อให้ลาซานญ่าเซตตัว ง่ายต่อการตัดเสิร์ฟ ', 'img_menu/998131944.jpg', 137602815);

-- --------------------------------------------------------

--
-- Table structure for table `order`
--

CREATE TABLE `order` (
  `Or_id` int(11) NOT NULL,
  `Or_date` datetime NOT NULL,
  `Or_name` varchar(45) NOT NULL,
  `Or_address` varchar(100) NOT NULL,
  `Or_email` varchar(100) NOT NULL,
  `UserID` int(11) NOT NULL,
  `status` int(1) NOT NULL DEFAULT '0',
  `Deliver_method` varchar(100) NOT NULL DEFAULT 'one time order',
  `Status_ems` varchar(45) NOT NULL,
  `U_tel` varchar(12) NOT NULL
) ENGINE=InnoDB DEFAULT CHARSET=utf8;

--
-- Dumping data for table `order`
--

INSERT INTO `order` (`Or_id`, `Or_date`, `Or_name`, `Or_address`, `Or_email`, `UserID`, `status`, `Deliver_method`, `Status_ems`, `U_tel`) VALUES
(23298034, '2020-02-09 10:39:02', 'nantawatuser', '72 หมู่', 'nantawut.d@kkumail.c', 3, 1, 'ส่งครั้งเดียว', '', '099-208-7183'),
(25517194, '2020-03-16 19:03:12', 'nanadoungmalil', 'aaaaaa', 'nantawat@gmail.com', 2, 0, 'ส่งครั้งเดียว', '', '088888'),
(36770789, '2020-03-12 16:08:55', 'nanadoungmalil', 'aaaaaa', 'nantawat7183@gmail.com', 2, 0, 'ส่งครั้งเดียว', '', '088888'),
(45709222, '2020-03-16 18:38:06', 'nanadoungmalil', 'aaaaaa', 'nantawat7183@gmail.com', 2, 0, 'ส่งครั้งเดียว', '', '088888'),
(72390964, '2020-03-12 15:39:07', 'nanadoungmalil', 'aaaaaa', 'nantawat7183@gmail.com', 2, 0, 'ส่งครั้งเดียว', '', '088888'),
(92425785, '2020-03-02 15:50:23', 'nanadoungmalil', 'aaaaaa', 'nantawat7183@gmail.c', 2, 0, 'ส่งครั้งเดียว', '', '088888'),
(103103238, '2020-02-09 10:15:39', 'nantawatuser', '72 หมู่', '099-208-7183', 3, 1, 'ส่งครั้งเดียว', '', ''),
(105461076, '2020-03-12 16:11:27', 'nanadoungmalil', 'aaaaaa', 'nantawat7183@gmail.com', 2, 0, 'ส่งครั้งเดียว', '', '088888'),
(107579814, '2020-03-16 18:39:12', 'nanadoungmalil', 'aaaaaa', 'nantawat7183@gmail.com', 2, 0, 'ส่งครั้งเดียว', '', '088888'),
(111229949, '2020-03-03 14:52:35', 'nanadoungmalil', 'aaaaaa', 'nantawat@gmail.com', 2, 1, 'ส่งครั้งเดียว', '', '088888'),
(111625905, '2020-03-11 17:48:57', 'nanadoungmalil', 'aaaaaa', 'nantawat7183@gmail.com', 2, 0, 'ส่งครั้งเดียว', '', '088888'),
(114506946, '2020-03-12 16:52:34', 'nanadoungmalil', 'aaaaaa', 'nantawat7183@gmail.com', 2, 0, 'ส่งครั้งเดียว', '', '088888'),
(115797017, '2020-03-02 15:24:08', 'nanadoungmalil', 'aaaaaa', 'jaruwat.m@kkumail.co', 2, 0, 'ส่งครั้งเดียว', '', '088888'),
(132547913, '2020-03-02 17:48:15', 'nanadoungmalil', 'aaaaaa', 'nantawat@gmail.com', 2, 1, 'ส่งครั้งเดียว', '', '088888'),
(145950923, '2020-03-18 13:11:34', 'nanadoungmalil', 'ttttttttttt', 'nantawat7183@gmail.com', 2, 0, 'ส่งทุกเดือน', '', '088-888-8888'),
(150862808, '2020-03-02 08:23:04', 'nanadoungmalil', 'aaaaaa', 'nantawat@kkumail.com', 2, 0, 'ส่งครั้งเดียว', '', '088888'),
(156278773, '2020-03-02 15:27:37', 'nanadoungmalil', 'aaaaaa', 'nantawat7183@gmail.c', 2, 0, 'ส่งทุกสัปดาห์', '', '088888'),
(158204342, '2020-03-02 15:36:35', 'nanadoungmalil', 'aaaaaa', 'nantawat7183@gmail.c', 2, 0, 'ส่งครั้งเดียว', '', '088888'),
(161192694, '2020-03-03 16:11:05', 'nanadoungmalil', 'aaaaaa', 'nantawat7183@gmail.com', 2, 0, 'ส่งครั้งเดียว', '', '088888'),
(184074442, '2020-03-03 14:51:42', 'nanadoungmalil', 'aaaaaa', 'nantawat@gmail.com', 2, 1, 'ส่งครั้งเดียว', '', '088888'),
(184137186, '2020-03-02 15:29:41', 'nanadoungmalil', 'aaaaaa', 'nantawat7183@gmail.c', 2, 0, 'ส่งทุกสัปดาห์', '', '088888'),
(187181187, '2020-02-11 10:30:32', 'nanadoungmalil', 'aaaaaa', 'nantawat@kkumail.com', 2, 1, 'ส่งครั้งเดียว', '', '088888'),
(211396080, '2020-03-12 15:49:11', 'nanadoungmalil', 'aaaaaa', 'nantawat@gmail.com', 2, 0, 'ส่งครั้งเดียว', '', '088888'),
(213860500, '2020-03-09 08:57:56', 'nanadoungmalil', 'aaaaaa', 'nantawat7183@gmail.com', 2, 0, 'ส่งครั้งเดียว', '', '088888'),
(220094443, '2020-03-12 15:36:37', 'nanadoungmalil', 'aaaaaa', 'nantawat7183@gmail.com', 2, 0, 'ส่งครั้งเดียว', '', '088888'),
(234016027, '2020-03-03 18:30:37', 'nanadoungmalil', 'aaaaaa', 'nantawat@gmail.com', 2, 0, 'ส่งครั้งเดียว', '', '088888'),
(236213603, '2020-03-12 15:45:10', 'nanadoungmalil', 'aaaaaa', 'nantawat7183@gmail.com', 2, 0, 'ส่งครั้งเดียว', '', '088888'),
(246105252, '2020-03-02 15:38:59', 'nanadoungmalil', 'aaaaaa', 'nantawat7183@gmail.c', 2, 0, 'ส่งครั้งเดียว', '', '088888'),
(266770087, '2020-03-12 15:43:32', 'nanadoungmalil', 'aaaaaa', 'nantawat7183@gmail.com', 2, 0, 'ส่งครั้งเดียว', '', '088888'),
(267944623, '2020-03-03 16:05:09', 'nanadoungmalil', 'aaaaaa', 'nantawat7183@gmail.c', 2, 0, 'ส่งทุกสัปดาห์', '', '1234567891'),
(274526937, '2020-03-16 18:30:36', 'nanadoungmalil', 'aaaaaa', 'nantawat7183@gmail.com', 2, 0, 'ส่งครั้งเดียว', '', '088888'),
(283776590, '2020-03-11 17:25:18', 'nanadoungmalil', 'aaaaaa', 'nantawat@gmail.com', 2, 0, 'ส่งครั้งเดียว', '', '088888'),
(308006765, '2020-03-16 18:34:33', 'nanadoungmalil', 'aaaaaa', 'nantawat7183@gmail.com', 2, 0, 'ส่งครั้งเดียว', '', '088888'),
(350275501, '2020-03-02 15:42:55', 'AAAAXXXXX', 'aaaaaa', 'nantawat7183@gmail.c', 2, 0, 'ส่งครั้งเดียว', '', '088888'),
(352585152, '2020-03-12 16:07:42', 'nanadoungmalil', 'aaaaaa', 'nantawat@gmail.com', 2, 0, 'ส่งครั้งเดียว', '', '088888'),
(369724583, '2020-03-07 13:27:19', 'nanadoungmalil', 'aaaaaa', 'nantawat@gmail.com', 2, 0, 'ส่งครั้งเดียว', '', '088888'),
(373525828, '2020-03-16 18:03:44', 'nanadoungmalil', 'aaaaaa', 'nantawat@gmail.com', 2, 0, 'ส่งครั้งเดียว', '', '088888'),
(387425354, '2020-03-12 16:04:13', 'nanadoungmalil', 'aaaaaa', 'nantawat@gmail.com', 2, 0, 'ส่งครั้งเดียว', '', '088888'),
(401410535, '2020-02-09 12:05:05', 'nantawatuser', '72 หมู่', 'nantawut.d@kkumail.c', 3, 0, 'ส่งครั้งเดียว', '', '099-208-7183'),
(405079637, '2020-03-02 15:54:55', 'nanadoungmalil', 'aaaaaa', 'nantawat7183@gmail.c', 2, 0, 'ส่งครั้งเดียว', '', '088888'),
(417749013, '2020-01-27 21:23:48', 'nantawatuser', '72 หมู่', 'nantawut.d@kkumail.c', 3, 1, 'ส่งครั้งเดียว', '', ''),
(424582088, '2020-03-03 16:07:02', 'nanadoungmalil', 'aaaaaa', 'nantawat7183@gmail.c', 2, 0, 'ส่งครั้งเดียว', '', '088888'),
(431835274, '2020-02-09 10:24:51', 'nantawatuser', '72 หมู่', 'nantawut.d@kkumail.c', 3, 0, 'ส่งครั้งเดียว', '', ''),
(433342463, '2020-03-02 15:39:47', 'nanadoungmalil', 'aaaaaa', 'nantawat7183@gmail.c', 2, 0, 'ส่งครั้งเดียว', '', '088888'),
(439612677, '2020-03-03 16:30:21', 'nanadoungmalil', 'aaaaaa', 'nantawat@gmail.com', 2, 0, 'ส่งครั้งเดียว', '', '088888'),
(443336571, '2020-03-12 16:44:42', 'nanadoungmalil', 'aaaaaa', 'nantawat7183@gmail.com', 2, 0, 'ส่งครั้งเดียว', '', '088888'),
(444595028, '2020-03-02 15:41:31', 'AAAAXXXXX', 'aaaaaa', 'nantawat7183@gmail.c', 2, 0, 'ส่งครั้งเดียว', '', '088888'),
(447733366, '2020-03-09 09:19:41', 'nanadoungmalil', 'aaaaaa', 'nantawat7183@gmail.com', 2, 0, 'ส่งครั้งเดียว', '', '088888'),
(455274871, '2020-03-03 16:30:33', 'nanadoungmalil', 'aaaaaa', 'nantawat@gmail.com', 2, 0, 'ส่งครั้งเดียว', '', '088888'),
(471189413, '2020-03-03 16:28:56', 'nanadoungmalil', 'aaaaaa', 'nantawat@gmail.com', 2, 0, 'ส่งครั้งเดียว', '', '088888'),
(472063290, '2020-03-12 16:23:39', 'nanadoungmalil', 'aaaaaa', 'nantawat7183@gmail.com', 2, 0, 'ส่งครั้งเดียว', '', '088888'),
(474608954, '2020-03-12 16:59:20', 'nanadoungmalil', 'aaaaaa', 'nantawat7183@gmail.com', 2, 0, 'ส่งครั้งเดียว', '', '088888'),
(480369049, '2020-03-12 16:50:20', 'nanadoungmalil', 'aaaaaa', 'nantawat7183@gmail.com', 2, 0, 'ส่งครั้งเดียว', '', '088888'),
(507946026, '2020-03-03 18:19:07', 'nanadoungmalil', 'aaaaaa', 'nantawat7183@gmail.com', 2, 0, 'ส่งทุกเดือน', '', '0992087183'),
(509899332, '2020-03-02 14:59:42', 'nanadoungmalil', 'aaaaaa', 'nantawat@kkumail.com', 2, 0, 'ส่งครั้งเดียว', '', '088888'),
(519268413, '2020-03-02 17:20:39', 'nanadoungmalil', 'aaaaaa', 'nantawat7183@gmail.c', 2, 0, 'ส่งครั้งเดียว', '', '088888'),
(534825903, '2020-03-11 17:29:29', 'nanadoungmalil', 'aaaaaa', 'nantawat7183@gmail.com', 2, 0, 'ส่งครั้งเดียว', '', '088888'),
(536211979, '2020-02-09 10:07:23', 'nantawatuser', '72 หมู่', 'nantawut.d@kkumail.c', 3, 0, 'ส่งครั้งเดียว', '', ''),
(555030090, '2020-03-02 17:28:26', 'nanadoungmalil', 'aaaaaa', 'nantawat7183@gmail.c', 2, 0, 'ส่งครั้งเดียว', '', '088888'),
(563347770, '2020-03-02 15:23:27', 'nanadoungmalil', 'aaaaaa', 'jaruwat.m@kkumail.co', 2, 0, 'ส่งครั้งเดียว', '', '088888'),
(565847970, '2020-03-02 15:33:18', 'nanadoungmalil', 'aaaaaa', 'nantawat7183@gmail.c', 2, 0, 'ส่งครั้งเดียว', '', '088888'),
(573721019, '2020-03-08 14:48:24', 'nanadoungmalil', 'aaaaaa', 'nantawat@gmail.com', 2, 0, 'ส่งครั้งเดียว', '', '088888'),
(579345909, '2020-03-16 20:13:00', 'nanadoungmalil', 'aaaaaa', 'nantawat7183@gmail.com', 2, 0, 'ส่งครั้งเดียว', '', '088888'),
(581350872, '2020-03-12 16:56:00', 'nanadoungmalil', 'aaaaaa', 'nantawat7183@gmail.com', 2, 0, 'ส่งครั้งเดียว', '', '088888'),
(588508771, '2020-03-02 15:53:44', 'nanadoungmalil', 'aaaaaa', 'nantawat7183@gmail.c', 2, 0, 'ส่งครั้งเดียว', '', '088888'),
(590556019, '2020-03-07 13:03:12', 'nanadoungmalil', 'aaaaaa', 'nantawat@gmail.com', 2, 0, 'ส่งครั้งเดียว', '', '088888'),
(595311076, '2020-02-09 10:22:47', 'nantawatuser', '72 หมู่', 'nantawut.d@kkumail.c', 3, 0, 'ส่งครั้งเดียว', '', ''),
(595624017, '2020-03-12 14:52:17', 'nanadoungmalil', 'aaaaaa', 'nantawat7183@gmail.com', 2, 0, 'ส่งครั้งเดียว', '', '088888'),
(605593697, '2020-03-13 08:45:42', 'nanadoungmalil', 'aaaaaa', 'nantawat7183@gmail.com', 2, 0, 'ส่งครั้งเดียว', '', '088888'),
(610803544, '2020-03-02 15:43:35', 'nanadoungmalil', 'aaaaaa', 'nantawat7183@gmail.c', 2, 0, 'ส่งครั้งเดียว', '', '088888'),
(621447240, '2020-03-03 15:29:34', 'nanadoungmalil', 'aaaaaa', 'nantawat@gmail.com', 2, 0, 'ส่งครั้งเดียว', '', '088888'),
(625249031, '2020-03-02 15:50:53', 'nanadoungmalil', 'aaaaaa', 'nantawat7183@gmail.c', 2, 0, 'ส่งครั้งเดียว', '', '088888'),
(655024322, '2020-03-01 17:17:01', 'nanadoungmalil', 'aaaaaa', 'nantawat@kkumail.com', 2, 0, 'ส่งครั้งเดียว', '', '088888'),
(657055522, '2020-03-12 15:34:20', 'nanadoungmalil', 'aaaaaa', 'nantawat7183@gmail.com', 2, 0, 'ส่งครั้งเดียว', '', '088888'),
(672819649, '2020-03-12 14:51:53', 'nanadoungmalil', 'aaaaaa', 'nantawat@gmail.com', 2, 0, 'ส่งครั้งเดียว', '', '088888'),
(689481830, '2020-03-16 18:24:10', 'nanadoungmalil', 'aaaaaa', 'nantawat7183@gmail.com', 2, 0, 'ส่งครั้งเดียว', '', '088888'),
(693539001, '2020-03-12 16:44:01', 'nanadoungmalil', 'aaaaaa', 'nantawat7183@gmail.com', 2, 0, 'ส่งครั้งเดียว', '', '088888'),
(706739472, '2020-03-02 15:36:00', 'nanadoungmalil', 'aaaaaa', 'nantawat7183@gmail.c', 2, 0, 'ส่งครั้งเดียว', '', '088888'),
(720936543, '2020-03-02 15:52:36', 'nanadoungmalil', 'aaaaaa', 'nantawat7183@gmail.c', 2, 0, 'ส่งครั้งเดียว', '', '088888'),
(747203790, '2020-03-11 18:11:24', 'nanadoungmalil', 'aaaaaa', 'nantawat7183@gmail.com', 2, 0, 'ส่งครั้งเดียว', '', '088888'),
(753564820, '2020-02-04 19:33:27', 'nantawatuser', '72 หมู่', 'nantawut.d@kkumail.c', 3, 0, 'ส่งครั้งเดียว', '', ''),
(755707186, '2020-03-12 16:02:04', 'nanadoungmalil', 'aaaaaa', 'nantawat@gmail.com', 2, 0, 'ส่งครั้งเดียว', '', '088888'),
(757237591, '2020-03-09 08:57:15', 'nanadoungmalil', 'aaaaaa', 'nantawat@gmail.com', 2, 0, 'ส่งครั้งเดียว', '', '088888'),
(758529258, '2020-02-13 07:42:58', 'nanadoungmalil', 'aaaaaa', 'nantawat@kkumail.com', 2, 0, 'ส่งครั้งเดียว', '', '088888'),
(776597517, '2020-03-03 16:08:09', 'nanadoungmalil', 'aaaaaa', 'nantawat7183@gmail.c', 2, 0, 'ส่งครั้งเดียว', '', '088888'),
(790580956, '2020-03-03 15:29:51', 'nanadoungmalil', 'aaaaaa', 'nantawat@gmail.com', 2, 0, 'ส่งครั้งเดียว', '', '088888'),
(801767041, '2020-02-09 11:13:23', 'nantawatuser', '72 หมู่', 'nantawut.d@kkumail.c', 3, 0, 'ส่งครั้งเดียว', '', '099-208-7183'),
(834212901, '2020-03-12 16:58:37', 'nanadoungmalil', 'aaaaaa', 'nantawat7183@gmail.com', 2, 0, 'ส่งครั้งเดียว', '', '088888'),
(874319788, '2020-03-02 15:25:14', 'nanadoungmalil', 'aaaaaa', 'nantawat7183@gmail.c', 2, 0, 'ส่งครั้งเดียว', '', '088888'),
(875094893, '2020-02-03 11:15:05', 'nantawatuser', '72 หมู่', 'nantawut.d@kkumail.c', 3, 0, 'ส่งครั้งเดียว', '', ''),
(896365679, '2020-03-12 16:37:36', 'nanadoungmalil', 'aaaaaa', 'nantawat7183@gmail.com', 2, 0, 'ส่งครั้งเดียว', '', '088888'),
(897172300, '2020-03-02 15:30:44', 'nanadoungmalil', 'aaaaaa', 'nantawat7183@gmail.c', 2, 0, 'ส่งทุกสัปดาห์', '', '088888'),
(904847378, '2020-01-28 05:00:53', 'nantawatuser', '72 หมู่ ตใทรายมูล', 'nantawut.d@kkumail.c', 3, 3, 'ส่งทุกเดือน', '44444', ''),
(908808220, '2020-03-01 17:16:28', 'nanadoungmalil', 'aaaaaa', 'nantawat@kkumail.com', 2, 0, 'ส่งครั้งเดียว', '', '088888'),
(919150657, '2020-03-02 15:21:09', 'nanadoungmalil', 'aaaaaa', 'jaruwat.m@kkumail.co', 2, 0, 'ส่งครั้งเดียว', '', '088888'),
(922426273, '2020-03-02 15:31:08', 'nanadoungmalil', 'aaaaaa', 'nantawat7183@gmail.c', 2, 0, 'ส่งครั้งเดียว', '', '088888'),
(925529728, '2020-02-05 06:59:49', 'nantawatuser', '72 หมู่', 'nantawut.d@kkumail.c', 3, 0, 'ส่งครั้งเดียว', '', ''),
(929392080, '2020-03-11 17:10:09', 'nanadoungmalil', 'aaaaaa', 'nantawat@gmail.com', 2, 0, 'ส่งครั้งเดียว', '', '088888'),
(932185922, '2020-03-12 16:48:19', 'nanadoungmalil', 'aaaaaa', 'nantawat7183@gmail.com', 2, 0, 'ส่งครั้งเดียว', '', '088888'),
(933504900, '2020-03-03 16:09:25', 'nanadoungmalil', 'aaaaaa', 'nantawat7183@gmail.c', 2, 0, 'ส่งครั้งเดียว', '', '088888'),
(934158560, '2020-03-03 14:52:57', 'nanadoungmalil', 'aaaaaa', 'nantawat@gmail.com', 2, 2, 'ส่งครั้งเดียว', '', '123456789'),
(940656865, '2020-03-12 16:45:26', 'nanadoungmalil', 'aaaaaa', 'nantawat7183@gmail.com', 2, 0, 'ส่งครั้งเดียว', '', '088888'),
(956326642, '2020-03-03 16:31:26', 'nanadoungmalil', 'aaaaaa', 'nantawat7183@gmail.com', 2, 2, 'ส่งครั้งเดียว', '', '088888'),
(967180203, '2020-03-02 18:00:35', 'nanadoungmalil', 'aaaaaa', 'nantawat@gmail.com', 2, 1, 'ส่งครั้งเดียว', '', '088888'),
(971775795, '2020-03-02 17:47:41', 'nanadoungmalil', 'aaaaaa', 'nantawat7183@gmail.c', 2, 0, 'ส่งครั้งเดียว', '', '088888'),
(978251407, '2020-02-09 10:27:17', 'nantawatuser', '72 หมู่', 'nantawut.d@kkumail.c', 3, 0, 'ส่งครั้งเดียว', '', '099-208-7183'),
(978251408, '0000-00-00 00:00:00', '\".$_POST[\"textName\"].\"', '\".$_POST[\"textAddress\"].\"', '\".$_POST[\"textEmail\"', 0, 0, '\".$_POST[\"Deliver_method\"].\"', '', '\".$_POST[\"te'),
(992489612, '2020-03-11 17:26:29', 'nanadoungmalil', 'aaaaaa', 'nantawat7183@gmail.com', 2, 0, 'ส่งครั้งเดียว', '', '088888'),
(997330708, '2020-02-13 07:35:02', 'nanadoungmalil', 'aaaaaa', 'nantawat@kkumail.com', 2, 1, 'ส่งครั้งเดียว', '', '088888'),
(997832094, '2020-03-16 20:14:23', 'nanadoungmalil', 'aaaaaa', 'nantawat7183@gmail.com', 2, 1, 'ส่งทุกเดือน', '', '088888');

-- --------------------------------------------------------

--
-- Table structure for table `order_detail`
--

CREATE TABLE `order_detail` (
  `Datail_id` int(11) NOT NULL,
  `Or_id` int(11) NOT NULL,
  `Pro_id` int(11) NOT NULL,
  `Qty` int(3) NOT NULL,
  `UserID` int(11) NOT NULL,
  `weight` int(11) NOT NULL
) ENGINE=InnoDB DEFAULT CHARSET=utf8;

--
-- Dumping data for table `order_detail`
--

INSERT INTO `order_detail` (`Datail_id`, `Or_id`, `Pro_id`, `Qty`, `UserID`, `weight`) VALUES
(185, 45, 1003, 1, 0, 0),
(186, 45, 1004, 1, 0, 0),
(187, 46, 1001, 1, 0, 0),
(188, 46, 1003, 1, 0, 0),
(189, 46, 1004, 1, 0, 0),
(190, 47, 1001, 1, 0, 0),
(191, 47, 1003, 1, 0, 0),
(192, 47, 1004, 1, 0, 0),
(193, 48, 1001, 1, 0, 0),
(194, 48, 1003, 1, 0, 0),
(195, 48, 1004, 1, 0, 0),
(196, 52, 1001, 1, 0, 0),
(197, 53, 1004, 1, 0, 0),
(198, 54, 1004, 1, 0, 0),
(199, 54, 1005, 1, 0, 0),
(200, 55, 1004, 1, 0, 0),
(201, 56, 1005, 1, 0, 0),
(202, 56, 1006, 1, 0, 0),
(203, 57, 1004, 3, 0, 0),
(204, 58, 1006, 1, 0, 0),
(205, 58, 1009, 1, 0, 0),
(206, 59, 1005, 1, 0, 0),
(207, 59, 1006, 1, 0, 0),
(208, 60, 1004, 1, 0, 0),
(209, 60, 1005, 1, 0, 0),
(210, 61, 1005, 1, 0, 0),
(211, 62, 1004, 1, 0, 0),
(212, 63, 1006, 1, 0, 0),
(213, 63, 1007, 1, 0, 0),
(214, 63, 1009, 1, 0, 0),
(215, 64, 921199081, 1, 0, 0),
(216, 65, 1006, 1, 0, 0),
(217, 66, 1006, 2, 0, 0),
(218, 67, 921199081, 1, 0, 0),
(219, 68, 1005, 1, 0, 0),
(220, 69, 1006, 1, 0, 0),
(221, 709084460, 182642141, 1, 0, 0),
(222, 271878877, 1005, 1, 0, 0),
(223, 967384334, 1006, 2, 0, 0),
(224, 696573629, 1005, 1, 0, 0),
(225, 696573629, 1006, 1, 0, 0),
(226, 696573629, 1007, 1, 0, 0),
(227, 754595962, 257266980, 1, 0, 0),
(228, 754595962, 1007, 1, 0, 0),
(229, 754595962, 1009, 1, 0, 0),
(230, 43223289, 257266980, 1, 0, 0),
(231, 43223289, 1009, 1, 0, 0),
(232, 181805689, 1006, 1, 0, 0),
(233, 181805689, 1007, 1, 0, 0),
(234, 366358401, 1006, 1, 0, 0),
(235, 366358401, 1009, 1, 0, 0),
(236, 417749013, 754117859, 1, 0, 0),
(237, 904847378, 137602815, 2, 0, 0),
(238, 904847378, 257266980, 1, 0, 0),
(239, 875094893, 355529345, 1, 0, 0),
(240, 753564820, 355529345, 1, 0, 0),
(241, 925529728, 355529345, 1, 0, 0),
(242, 536211979, 355529345, 1, 0, 0),
(243, 103103238, 355529345, 1, 0, 0),
(244, 595311076, 361594455, 1, 0, 0),
(245, 431835274, 355529345, 1, 0, 0),
(246, 978251407, 355529345, 1, 0, 0),
(247, 23298034, 601007841, 1, 0, 0),
(248, 801767041, 361594455, 1, 0, 0),
(249, 401410535, 355529345, 1, 0, 0),
(250, 187181187, 355529345, 1, 0, 0),
(251, 997330708, 137602815, 1, 0, 0),
(252, 758529258, 355529345, 1, 0, 0),
(253, 908808220, 355529345, 1, 0, 0),
(254, 655024322, 355529345, 1, 0, 0),
(255, 150862808, 361594455, 1, 0, 0),
(256, 509899332, 257266980, 1, 0, 0),
(257, 919150657, 629773765, 1, 0, 0),
(258, 563347770, 355529345, 1, 0, 0),
(259, 563347770, 361594455, 1, 0, 0),
(260, 874319788, 355529345, 1, 0, 0),
(261, 874319788, 361594455, 1, 0, 0),
(262, 156278773, 629773765, 1, 0, 0),
(263, 156278773, 754117859, 1, 0, 0),
(264, 184137186, 601007841, 1, 0, 0),
(265, 184137186, 137602815, 1, 0, 0),
(266, 922426273, 355529345, 1, 0, 0),
(267, 158204342, 629773765, 1, 0, 0),
(268, 158204342, 754117859, 1, 0, 0),
(269, 246105252, 137602815, 1, 0, 0),
(270, 444595028, 361594455, 1, 0, 0),
(271, 610803544, 458772981, 1, 0, 0),
(272, 625249031, 355529345, 1, 0, 0),
(273, 720936543, 361594455, 1, 0, 0),
(274, 588508771, 355529345, 1, 0, 0),
(275, 405079637, 361594455, 1, 0, 0),
(276, 519268413, 355529345, 8, 0, 0),
(277, 519268413, 361594455, 3, 0, 0),
(278, 519268413, 458772981, 2, 0, 0),
(279, 519268413, 1, 1, 0, 0),
(280, 519268413, 1112, 1, 0, 0),
(281, 519268413, 629773765, 1, 0, 0),
(282, 519268413, 137602815, 3, 0, 0),
(283, 519268413, 754117859, 1, 0, 0),
(284, 555030090, 355529345, 3, 0, 0),
(285, 555030090, 754117859, 1, 0, 0),
(286, 555030090, 137602815, 2, 0, 0),
(287, 555030090, 361594455, 1, 0, 0),
(288, 555030090, 629773765, 1, 0, 0),
(289, 555030090, 520803507, 1, 0, 0),
(290, 971775795, 355529345, 1, 0, 0),
(291, 971775795, 361594455, 1, 0, 0),
(292, 132547913, 355529345, 1, 0, 0),
(293, 132547913, 361594455, 1, 0, 0),
(294, 132547913, 754117859, 1, 0, 0),
(295, 967180203, 629773765, 1, 0, 0),
(296, 184074442, 355529345, 1, 0, 0),
(297, 111229949, 629773765, 1, 0, 0),
(298, 934158560, 355529345, 1, 0, 0),
(299, 621447240, 361594455, 1, 0, 0),
(300, 790580956, 361594455, 1, 0, 0),
(301, 267944623, 355529345, 1, 0, 0),
(302, 267944623, 361594455, 1, 0, 0),
(303, 424582088, 355529345, 1, 0, 0),
(304, 424582088, 361594455, 1, 0, 0),
(305, 776597517, 355529345, 1, 0, 0),
(306, 161192694, 355529345, 1, 0, 0),
(307, 161192694, 361594455, 1, 0, 0),
(308, 471189413, 361594455, 1, 0, 0),
(309, 471189413, 458772981, 1, 0, 0),
(310, 956326642, 137602815, 1, 0, 0),
(311, 956326642, 355529345, 1, 0, 0),
(312, 507946026, 629773765, 1, 0, 0),
(313, 507946026, 754117859, 1, 0, 0),
(314, 507946026, 601007841, 1, 0, 0),
(315, 507946026, 137602815, 1, 0, 0),
(316, 507946026, 355529345, 1, 0, 0),
(317, 234016027, 355529345, 1, 0, 0),
(318, 590556019, 355529345, 1, 0, 0),
(319, 369724583, 355529345, 1, 0, 0),
(320, 573721019, 137602815, 5, 0, 100),
(321, 573721019, 257266980, 1, 0, 100),
(322, 573721019, 355529345, 1, 0, 100),
(323, 573721019, 361594455, 4, 0, 100),
(324, 757237591, 355529345, 1, 0, 500),
(325, 757237591, 361594455, 1, 0, 500),
(326, 213860500, 355529345, 1, 0, 500),
(327, 213860500, 361594455, 1, 0, 500),
(328, 213860500, 458772981, 1, 0, 500),
(329, 447733366, 355529345, 1, 0, 500),
(330, 447733366, 361594455, 1, 0, 500),
(331, 447733366, 458772981, 1, 0, 500),
(332, 929392080, 361594455, 2, 0, 500),
(333, 283776590, 355529345, 1, 0, 500),
(334, 283776590, 361594455, 1, 0, 500),
(335, 283776590, 458772981, 1, 0, 500),
(336, 992489612, 355529345, 1, 0, 500),
(337, 992489612, 361594455, 1, 0, 500),
(338, 992489612, 458772981, 1, 0, 500),
(339, 534825903, 355529345, 1, 0, 500),
(340, 534825903, 361594455, 1, 0, 500),
(341, 111625905, 355529345, 1, 0, 500),
(342, 111625905, 361594455, 1, 0, 500),
(343, 111625905, 458772981, 1, 0, 500),
(344, 747203790, 754117859, 1, 0, 500),
(345, 747203790, 629773765, 1, 0, 500),
(346, 747203790, 601007841, 1, 0, 500),
(347, 672819649, 355529345, 1, 0, 500),
(348, 672819649, 361594455, 1, 0, 500),
(349, 595624017, 355529345, 1, 0, 500),
(350, 595624017, 361594455, 1, 0, 500),
(351, 595624017, 458772981, 1, 0, 500),
(352, 657055522, 355529345, 1, 0, 500),
(353, 657055522, 361594455, 1, 0, 500),
(354, 220094443, 754117859, 1, 0, 500),
(355, 220094443, 629773765, 1, 0, 500),
(356, 72390964, 601007841, 1, 0, 500),
(357, 72390964, 754117859, 1, 0, 500),
(358, 266770087, 355529345, 1, 0, 500),
(359, 266770087, 361594455, 1, 0, 500),
(360, 236213603, 355529345, 1, 0, 500),
(361, 236213603, 361594455, 1, 0, 500),
(362, 211396080, 458772981, 1, 0, 500),
(363, 755707186, 355529345, 1, 0, 500),
(364, 755707186, 361594455, 1, 0, 500),
(365, 387425354, 355529345, 1, 0, 500),
(366, 387425354, 361594455, 1, 0, 500),
(367, 352585152, 355529345, 1, 0, 500),
(368, 352585152, 361594455, 1, 0, 500),
(369, 36770789, 355529345, 1, 0, 500),
(370, 36770789, 361594455, 1, 0, 500),
(371, 105461076, 355529345, 1, 0, 500),
(372, 472063290, 355529345, 1, 0, 500),
(373, 896365679, 355529345, 1, 0, 500),
(374, 693539001, 355529345, 1, 0, 500),
(375, 443336571, 355529345, 1, 0, 500),
(376, 940656865, 355529345, 1, 0, 500),
(377, 932185922, 361594455, 1, 0, 500),
(378, 932185922, 458772981, 1, 0, 500),
(379, 480369049, 355529345, 3, 0, 500),
(380, 480369049, 361594455, 2, 0, 500),
(381, 114506946, 355529345, 1, 0, 500),
(382, 114506946, 361594455, 1, 0, 500),
(383, 581350872, 355529345, 1, 0, 500),
(384, 581350872, 361594455, 1, 0, 500),
(385, 834212901, 355529345, 1, 0, 500),
(386, 834212901, 361594455, 1, 0, 500),
(387, 474608954, 355529345, 1, 0, 500),
(388, 474608954, 361594455, 1, 0, 500),
(389, 605593697, 355529345, 2, 0, 500),
(390, 605593697, 137602815, 1, 0, 500),
(391, 605593697, 361594455, 1, 0, 500),
(392, 373525828, 355529345, 1, 0, 500),
(393, 373525828, 361594455, 1, 0, 500),
(394, 373525828, 458772981, 1, 0, 500),
(395, 689481830, 629773765, 1, 0, 500),
(396, 689481830, 361594455, 1, 0, 500),
(397, 274526937, 355529345, 2, 0, 500),
(398, 274526937, 361594455, 2, 0, 500),
(399, 274526937, 458772981, 1, 0, 500),
(400, 308006765, 355529345, 1, 0, 500),
(401, 308006765, 361594455, 1, 0, 500),
(402, 308006765, 458772981, 1, 0, 500),
(403, 45709222, 355529345, 1, 0, 500),
(404, 45709222, 361594455, 1, 0, 500),
(405, 45709222, 458772981, 1, 0, 500),
(406, 107579814, 355529345, 1, 0, 500),
(407, 107579814, 361594455, 1, 0, 500),
(408, 25517194, 355529345, 2, 0, 500),
(409, 25517194, 361594455, 3, 0, 500),
(410, 579345909, 629773765, 1, 0, 500),
(411, 579345909, 754117859, 1, 0, 500),
(412, 997832094, 355529345, 1, 0, 500),
(413, 997832094, 361594455, 1, 0, 500),
(414, 145950923, 137602815, 2, 0, 500),
(415, 145950923, 355529345, 1, 0, 500);

-- --------------------------------------------------------

--
-- Table structure for table `package`
--

CREATE TABLE `package` (
  `Pack_id` int(11) NOT NULL,
  `Or_id` int(11) NOT NULL,
  `Pack_size` varchar(45) NOT NULL,
  `Pack_price` int(11) NOT NULL,
  `Pack_weight` int(11) NOT NULL
) ENGINE=InnoDB DEFAULT CHARSET=utf8;

--
-- Dumping data for table `package`
--

INSERT INTO `package` (`Pack_id`, `Or_id`, `Pack_size`, `Pack_price`, `Pack_weight`) VALUES
(1001, 1000000, 'M', 20, 0);

-- --------------------------------------------------------

--
-- Table structure for table `package_pro`
--

CREATE TABLE `package_pro` (
  `i` int(11) NOT NULL,
  `Pack_id` int(11) NOT NULL,
  `Pro_id` int(11) NOT NULL,
  `Qty` int(11) NOT NULL
) ENGINE=InnoDB DEFAULT CHARSET=utf8;

--
-- Dumping data for table `package_pro`
--

INSERT INTO `package_pro` (`i`, `Pack_id`, `Pro_id`, `Qty`) VALUES
(1, 1001, 182642141, 1),
(2, 1001, 1006, 2);

-- --------------------------------------------------------

--
-- Table structure for table `payment`
--

CREATE TABLE `payment` (
  `Pay_id` int(11) NOT NULL,
  `Or_id` int(10) NOT NULL,
  `Pay_total` int(10) NOT NULL,
  `User_name` varchar(45) NOT NULL,
  `Pay_email` varchar(20) NOT NULL,
  `Pay_phon` int(10) NOT NULL,
  `Pay_bank` varchar(45) NOT NULL,
  `Pay_date` datetime NOT NULL,
  `Pay_img` varchar(45) NOT NULL
) ENGINE=InnoDB DEFAULT CHARSET=utf8;

--
-- Dumping data for table `payment`
--

INSERT INTO `payment` (`Pay_id`, `Or_id`, `Pay_total`, `User_name`, `Pay_email`, `Pay_phon`, `Pay_bank`, `Pay_date`, `Pay_img`) VALUES
(1, 58764, 44444, 'nantawat', 'gggg@hotmail.com', 992087183, 'กรุงไทย', '0000-00-00 00:00:00', 'img_payment/58764.jpg'),
(2, 456789, 111, 'nantawat', 'gggg@hotmail.com', -7292, 'ทหารไทย', '2222-02-10 12:20:00', 'img_payment/456789.jpg'),
(3, 444444, 44444, 'nantawat', 'gggg@hotmail.com', -7292, 'กสิกร', '0000-00-00 00:00:00', 'img_payment/444444.jpg'),
(4, 58764, 44444, 'nantawat', 'gggg@hotmail.com', 992087183, 'กรุงไทย', '0000-00-00 00:00:00', 'img_payment/58764.jpg'),
(5, 12345, 2147483647, 'popppppppppppp', 'gggg@hotmail.com', -7292, 'กรุงศรี', '0000-00-00 00:00:00', 'img_payment/12345.jpg'),
(6, 1254156, 300, 'yukuykuyk', 'gggg@hotmail.com', 45686, 'กรุงไทย', '2020-01-10 12:45:00', 'img_payment/1254156.jpg'),
(7, 271878877, 50, 'กกกกกกกกกกกก', 'nrynrty@rrgd', 783453, 'กสิกร', '2020-01-07 01:01:00', 'img_payment/271878877.jpg'),
(8, 754595962, 1111, '1111', 'ds@ddfd', 89562, 'กรุงไทย', '2020-01-13 02:56:00', 'img_payment/754595962.jpg'),
(9, 417749013, 50, 'nan', 'nrynrty@rrgd', 12344, 'กรุงไทย', '1111-01-01 11:11:00', 'img_payment/417749013.jpg'),
(10, 904847378, 240, 'ืnan', 'nrynrty@rrgd', 123456781, 'กสิกร 123-456-78 สาขาขอนเเก่น', '1111-11-11 01:01:00', 'img_payment/904847378.jpg'),
(11, 23298034, 111, 'aaa', 'nrynrty@rrgd', 1111111, 'กรุงไทย 123-456-78 สาขาขอนเเก่น', '0001-11-13 01:11:00', 'img_payment/23298034.jpg'),
(12, 103103238, 564, 'drtuydtryu', 'nrynrty@rrgd', 356456, 'กรุงไทย 123-456-78 สาขาขอนเเก่น', '2020-02-12 06:06:00', 'img_payment/103103238.jpg'),
(13, 103103238, 564, 'drtuydtryu', 'nrynrty@rrgd', 356456, 'กรุงไทย 123-456-78 สาขาขอนเเก่น', '2020-02-12 06:06:00', 'img_payment/103103238.jpg'),
(14, 23298034, 564, 'drtuydtryu', 'nrynrty@rrgd', 356456, 'กรุงไทย 123-456-78 สาขาขอนเเก่น', '2020-02-12 06:06:00', 'img_payment/23298034.jpg'),
(15, 23298034, 564, 'drtuydtryu', 'nrynrty@rrgd', 356456, 'กรุงไทย 123-456-78 สาขาขอนเเก่น', '2020-02-12 06:06:00', 'img_payment/23298034.jpg'),
(16, 187181187, 20, 'nanadoungmalil', 'nantawat@kkumail.com', 88888, 'กรุงศรี 123-456-78 สาขาขอนเเก่น', '2020-02-11 10:33:57', 'img_payment/187181187.jpg'),
(17, 997330708, 20, 'nanadoungmalil', 'nantawat@kkumail.com', 88888, 'กรุงไทย 123-456-78 สาขาขอนเเก่น', '2020-02-13 07:35:04', 'img_payment/997330708.jpg'),
(18, 758529258, 20, 'nanadoungmalil', 'nantawat@kkumail.com', 88888, 'กรุงไทย 123-456-78 สาขาขอนเเก่น', '2020-02-13 07:43:23', 'img_payment/758529258.jpg'),
(19, 967180203, 20, 'nanadoungmalil', 'nantawat@gmail.com', 88888, 'other', '2020-03-03 14:38:25', 'img_payment/967180203.jpg'),
(20, 934158560, 20, 'nanadoungmalil', 'nantawat@gmail.com', 123456789, 'other', '2020-03-03 15:06:50', 'img_payment/934158560.jpg'),
(21, 934158560, 20, 'nanadoungmalil', 'nantawat@gmail.com', 123456789, 'female', '2020-03-03 15:15:41', 'img_payment/934158560.jpg'),
(22, 111229949, 20, 'nanadoungmalil', 'nantawat@gmail.com', 88888, 'female', '2020-03-03 15:16:54', 'img_payment/111229949.jpg'),
(23, 184074442, 20, 'nanadoungmalil', 'nantawat@gmail.com', 88888, 'other', '2020-03-03 15:21:11', 'img_payment/184074442.jpg'),
(24, 132547913, 80, 'nanadoungmalil', 'nantawat@gmail.com', 88888, 'other', '2020-03-03 15:22:12', 'img_payment/132547913.jpg'),
(25, 161192694, 40, 'nanadoungmalil', 'nantawat7183@gmail.c', 88888, 'male', '2020-03-03 16:11:17', 'img_payment/161192694.jpg'),
(26, 956326642, 40, 'nanadoungmalil', 'nantawat7183@gmail.c', 88888, 'male', '2020-03-03 17:07:17', 'img_payment/956326642.jpg'),
(27, 997832094, 100, 'nanadoungmalil', 'nantawat7183@gmail.c', 827794288, 'กรุงไทย 123-456-78 สาขาขอนเเก่น', '2020-03-17 17:21:33', 'img_payment/997832094.jpg');

-- --------------------------------------------------------

--
-- Table structure for table `product`
--

CREATE TABLE `product` (
  `Pro_id` int(11) UNSIGNED NOT NULL,
  `Pro_name` varchar(45) NOT NULL,
  `Pro_price` int(11) NOT NULL,
  `Pro_amount` int(11) NOT NULL,
  `Pro_detail` varchar(500) NOT NULL,
  `Pro_property` varchar(500) NOT NULL,
  `Pro_img` varchar(45) NOT NULL,
  `Pro_type` int(11) NOT NULL,
  `Pro_weight` int(11) NOT NULL
) ENGINE=InnoDB DEFAULT CHARSET=utf8;

--
-- Dumping data for table `product`
--

INSERT INTO `product` (`Pro_id`, `Pro_name`, `Pro_price`, `Pro_amount`, `Pro_detail`, `Pro_property`, `Pro_img`, `Pro_type`, `Pro_weight`) VALUES
(137602815, 'ผักโขม', 20, -10, '                                                                                                                         ปวยเล้ง (Spinach) หรือที่ใครหลายๆ คนอาจจะเข้าใจว่าเป็นผักโขม (Amaranth) เป็นอีกหนึ่งผักดีมีประโยชน์ที่ชาวไทย<br> \r\nรวมถึงชาวต่างชาตินิยมรับประทานกันมาอย่างยาวนาน (ผักตัวจริงที่ให้พลังงานแก่ป็อปอาย คือผักปวยเล้งนี่แหละ หาใช่ผักโขมไม่) <br>\r\nเพราะปวยเล้งมีวิตามิน และเกลือแร่ที่จำเป็นต่อร่างกายเยอะ หาทานได้ง่าย ราคาไม่แพง และรสชาติดี จึงทำให้ปวยเล้งถูกดัดแปลงไปทำเป็น<br>\r\nเมนูอาห', '                                                                                                                        1.ปวยเล้งมีทั้งธาตุเหล็กบำรุงเลือด แคลเซียมบำรุงกระดูก<br>\r\n2. โพแทสเซียมที่ช่วยควบคุมการเต้นของหัวใจ และความดันเลือด<br>\r\n3. มีวิตามินซีป้องกันหวัด วิตามินบี 2 ช่วยในการเจริญเติบโต บำรุงเล็บ ผิวหนัง ผม<br>\r\n3 มีกรดโฟลิกที่จำเป็นต่อการสร้างสารที่ให้ความสุขอย่างซีโรโทนิน ที่มีส่วนสำคัญในการควบคุมอารมณ์ไม่ให้หงุดหงิดงุ่นง่าน <br>\r\n4.ช่วยลดอาการนอนไม่หลับได้ ช่วยบำรุงสายตา กระดูก ', 'images/137602815.jpg', 0, 100),
(257266980, 'กวางตุ้ง+กระเทียม', 200, 15, '                        ๐กวางตุ้ง<br>\r\n๐กระเทียม                      ', '                                              ', 'images/257266980.jpg', 1, 500),
(355529345, 'ผักกะหล่ำปลี', 20, -73, '                        ผักกะหล่ำปลี นั้นมีสารพิษที่เรียกว่า กอยโตรเจน (Goitrogen) ซึ่งเป็นตัวขัดขวางการดูดซึมของไอโอดีน<br> \r\nผลที่ตามมาก็คืออาจทำให้เป็นคอหอยพอกได้ แต่สารพิษที่ว่านี้จะถูกทำลายด้วยวิธีการนำไปต้ม<br>\r\n ดังนั้นจึงควรรับประทานกะหล่ำปลีที่ผ่านการปรุงสุกแล้วจะดีกว่า แม้ว่าวิตามินจะหายไปบ้างก็ตาม<br>\r\n แต่ก็มีคำแนะนำว่าการเกิดปัญหาจากสารพิษชนิดนี้ไม่ใช่จะเกิดขึ้นได้ง่าย ๆ <br>\r\nเพราะถ้าจะรับประทานกะหล่ำปลีจนถึงขนาดได้รับสารกอยโตรเจน <br>\r\nต้องเป็นการรับประทานอย่างต่อเนื่องเป็นประจำแล', '                        1.กะหล่ำปลีมีกรดทาร์ทาริก (Tartaric acid) ที่ช่วยยับยั้งและขัดขวางไม่ให้น้ำตาลและแป้งกลายเป็นไขมัน <br>\r\nจึงมีส่วนในการช่วยลดน้ำหนักและคอเลสเตอรอลได้<br>\r\n2.ช่วยบำรุงกระดูกและฟัน เพราะกะหล่ำปลีดิบอุดมไปด้วยแคลเซียมและฟอสฟอรัส<br>\r\n ซึ่งเป็นผลดีต่อการเสริมสร้างและบำรุงกระดูก<br>\r\n3.ช่วยเสริมสร้างภูมิคุ้มกันโรคให้แข็งแรง ป้องกันหวัด เพราะกะหล่ำปลีดิบมีวิตามินสูง<br>\r\n4.ช่วยบำรุงผิวพรรณทำให้ผิวพรรณเปล่งปลั่งมีน้ำมีนวล และยังช่วยคงความอ่อนเยาว์ได้อีกด้วย<br>\r\n5.กะหล่ำปลีมีสาร', 'images/355529345.jpg', 0, 100),
(361594455, 'เเตงกวา', 20, -51, '                        ต้นแตงกวา มีถิ่นกำเนิดในประเทศอินเดีย ในบ้านเราก็นิยมปลูกแตงกวาเป็นอาชีพ เนื่องจากเป็นผักที่ปลูกง่าย ให้ผลผลิตเร็ว<br> \r\nการเก็บรักษาง่ายกว่าผักชนิดอื่น ๆ โดยแตงกวานั้นจัดเป็นพืชล้มลุก มีรากแก้วและรากแขนงจำนวนมาก <br>\r\nสามารถแผ่กว้างและหยั่งลึกได้มากถึง 1 เมตร ลำต้นเป็นเถาเลื้อยยาว 2-3 เมตร มีข้อยาว 10 ถึง 20 เซนติเมตร<br>\r\nและหนวดบริเวณข้อช่วยเกาะยึดลำต้น                      ', '                        1.แตงกวามีสรรพคุณช่วยแก้กระหาย ลดความร้อนในร่างกาย ทำให้ร่างกายสดชื่น และช่วยเพิ่มความชุ่มชื้น<br>\r\n2.ช่วยกำจัดของเสียที่ตกค้างในร่างกาย<br>\r\n3.แตงกวามีสารฟีนอลที่ทำหน้าที่ต่อต้านอนุมูลอิสระต่าง ๆ<br>\r\n4.ผลและเมล็ดอ่อนมีฤทธิ์ช่วยต่อต้านมะเร็ง<br>\r\n5.ช่วยลดความดันโลหิต (เถาแตงกวา)<br>\r\n6.ช่วยรักษาสมดุลต่าง ๆ ในร่างกาย รักษาระดับน้ำตาลในเลือด ระดับภูมิคุ้มกันให้อยู่ในสุขภาพดี<br>\r\n7.ช่วยควบคุมระดับความดันเลือดและความสมดุลของสารอาหารในร่างกาย (โพแทสเซียม, แมงกานีส)<br>\r\n8.ช่', 'images/361594455.jpg', 0, 100),
(458772981, 'กระเทียม', 50, -6, '                        ประโยชน์หลัก ๆ ของกระเทียมคงหนีไม่พ้นการนำมาใช้เพื่อช่วยปรุงรสชาติของอาหาร ไม่ว่าจะใช้ผัด แกง ทอด ยำ ต้มยำ หรือน้ำพริกต่าง ๆ <br>\r\nอีกสารพัด กระเทียมเป็นเครื่องสมุนไพรที่อุดมไปด้วยวิตามินและแร่ธาตุหลายชนิด และยังเป็นพืชที่ธาตุซีลีเนียมสูงกว่าพืชชนิดอื่น ๆ<br>\r\n อีกทั้งยังมีสารอะดีโนซีน (Adenosine) ซึ่งเป็นกรดนิวคลีอิกที่เป็นตัวสร้าง DNA และ RNA ของเซลล์ในร่างกาย<br>\r\nนอกจากนี้ยังมีการนำกระเทียมไปแปรรูปเป็นผลิตภัณฑ์ต่าง ๆ อย่างหลากหลาย เช่น กระเทียมเสริมอาหาร กระเทียมสกัดผ', '                        1.ช่วยบำรุงผิวหนังให้มีสุขภาพดีและแข็งแรง<br>\r\n2.ช่วยเสริมสร้างการเจริญเติบโตของเนื้อเยื่อในร่างกาย<br>\r\n3.ช่วยป้องกันการเกิดโรคมะเร็ง<br>\r\n4.ช่วยเสริมสร้างภูมิต้านทานให้แก่ร่างกาย<br>\r\n5.ช่วยลดระดับคอเลสเตอรอลและน้ำตาลในเลือด<br>\r\n6.ช่วยปรับสมดุลในร่างกาย<br>\r\n7.ช่วยแก้อาการวิงเวียนศีรษะ อาการมึนงง ปวดศีรษะ หูอื้อ<br>\r\n8.ช่วยในเรื่องระบบสืบพันธุ์และระบบทางเดินปัสสาวะ เพราะมีสารที่ช่วยควบคุมฮอร์โมนทั้งหญิงและชาย ช่วยทำให้มดลูกบีบตัว <br>\r\nเพิ่มพละกำลังให้มีเรี่ยวแรง<br>\r\n', 'images/458772981.jpg', 0, 100),
(520803507, 'เเครอท+กวางตุ้ง+ปวยเล้ง', 200, 9, '                        ๐เเครอท<br>\r\n๐กวางตุ้ง<br>\r\n๐ปวยเล้ง                      ', '                                              ', 'images/520803507.jpg', 1, 500),
(601007841, 'บร็อคโคลี่', 40, 5, 'asdf', 'asdf', 'images/601007841.jpg', 0, 0),
(629773765, 'เเครอท', 20, -2, '                        แครอทอุดมไปด้วยวิตามินและแร่ธาตุที่มีประโยชน์ เช่น เบตาแคโรทีน วิตามินเอ วิตามินบี 1 วิตามินบี 2 <br>\r\nวิตามินซี วิตามินอี ธาตุแคลเซียม ธาตุโพแทสเซียม ธาตุฟอสฟอรัส ธาตุเหล็ก และยังมีสารสำคัญคือสาร \"ฟอลคารินอล\" <br>\r\n(falcarinol) ซึ่งช่วยต่อต้านเซลล์มะเร็ง เป็นต้น สำหรับประโยชน์ของแครอทนั้นที่เด่น ๆ <br>\r\nก็เห็นจะเป็นการนำมาใช้ประกอบอาหารได้อย่างหลากหลายเมนู<br>\r\n ไม่ว่าจะเป็นของหวานของคาว ทั้งผัด ทอด แกง ต้ม ซุป สลัด ยำ <br>\r\nก็มีแครอทเป็นส่วนประกอบทั้งนั้น และยังมีเครื่อ', '                        1.ช่วยบำรุงสุขภาพผิวให้สดใสเปล่งปลั่ง<br>\r\n2.ช่วยป้องกันเซลล์ผิวไม่ให้ถูกทำลายได้ง่ายจากมลภาวะแสงแดดต่าง ๆ<br>\r\n3.ช่วยเสริมสร้างการเจริญเติบโตของร่างกาย<br>\r\n4.ช่วยบำรุงกระดูก ฟัน เหงือก เล็บ ให้แข็งแรงยิ่งขึ้น<br>\r\n5.มีสารต่อต้านอนุมูลอิสระ ซึ่งมีส่วนช่วยในการชะลอวัยและการเกิดริ้วรอยแห่งวัย<br>\r\n6.ช่วยสร้างสร้างภูมิต้านทานโรคของร่างกายให้แข็งแรงยิ่งขึ้น<br>\r\n7.ช่วยยับยั้งต่อต้านการเกิดโรคมะเร็ง<br>\r\n8.ช่วยลดระดับคอเลสเตอรอลในร่างกาย<br>\r\n9.ช่วยรักษาโรคความดันโลหิตสูง<br>', 'images/629773765.jpg', 0, 100),
(639125655, 'ผักกาด', 22, 211, '1111', '11111ghjkghjkjk', 'images/639125655.jpg', 0, 0),
(754117859, 'บร็อคโคลี่', 40, -1, '                        ต้นบร็อคโคลี่ มีลักษณะเป็นทรงพุ่มใหญ่เก้งก้าง ลำต้นใหญ่และอวบ ลักษณะของดอกมีขนาดใหญ่ เส้นผ่าศูนย์กลางประมาณ 16 เซนติเมตร<br>\r\nจะอยู่รวมกันเป็นกลุ่มช่อหนาแน่นมีสีเขียวเข้ม ส่วนลักษณะของใบจะกว้างมีสีเขียวเข้มออกเทา ริมขอบใบหยัก<br> \r\nตามปกติแล้วเราจะนิยมบริโภคในส่วนที่เป็นดอกและในส่วนของลำต้นจะนิยมรองลงมา แต่คุณค่าทางอาหารกลับมีอยู่มากในส่วนของลำต้น<br>\r\n ดังนั้นการรับประทานทั้งสองส่วน ร่างกายก็จะได้รับประโยชน์อย่างสูงสุด<br>                      ', '                        1. ช่วยต่อต้านอนุมูลอิสระ ช่วยเพิ่มภูมิคุ้มกันให้กับร่างกาย<br>\r\n2. ช่วยบำรุงผิวพรรณ เพิ่มความยืดหยุ่นให้ผิวหนัง ช่วยชะลอผิวพรรณไม่ให้เหี่ยวย่น ทำให้ดูอ่อนเยาว์ตลอดเวลา (ซีลีเนียม)<br>\r\n3. ช่วยบำรุงและรักษาสายตา ป้องกันการเกิดต้อกระจก<br>\r\n4. ช่วยบำรุงกระดูกและฟันให้แข็งแรง ป้องกันโรคกระดูกพรุน เรื่องจากบร็อคโคลี่เป็นผักที่มีแคลเซียมสูง<br>\r\n5. ช่วยป้องกันการเกิดโรคมะเร็งต่างๆ เช่น มะเร็งเต้านม มะเร็งปอด มะเร็งผิวหนัง มะเร็งกระเพาะอาหาร และมะเร็งต่อมลูกหมาก <br>\r\n6. ช่วยป', 'images/754117859.jpg', 0, 100),
(873292086, 'กะหล่ำปลี+กระเทียม+กวางตุ้ง', 200, 10, '                        ๐กะหล่ำปลี<br>\r\n๐กระเทียม<br>\r\n๐กวางตุ้ง<br>                      ', '                                              ', 'images/873292086.jpg', 1, 500);

-- --------------------------------------------------------

--
-- Table structure for table `shopping`
--

CREATE TABLE `shopping` (
  `Sta_id` int(11) NOT NULL,
  `Customer` varchar(45) NOT NULL,
  `Admin` varchar(45) NOT NULL
) ENGINE=InnoDB DEFAULT CHARSET=utf8;

-- --------------------------------------------------------

--
-- Table structure for table `user`
--

CREATE TABLE `user` (
  `UserID` int(11) NOT NULL,
  `f_name` varchar(20) NOT NULL,
  `l_name` varchar(20) NOT NULL,
  `addess` varchar(200) NOT NULL,
  `email` varchar(50) NOT NULL,
  `U_tel` varchar(13) NOT NULL,
  `password` varchar(16) NOT NULL,
  `status` varchar(10) NOT NULL
) ENGINE=InnoDB DEFAULT CHARSET=utf8;

--
-- Dumping data for table `user`
--

INSERT INTO `user` (`UserID`, `f_name`, `l_name`, `addess`, `email`, `U_tel`, `password`, `status`) VALUES
(1, 'admin', 'admin', 'addess', 'nantawat7183@kkumail.com', '08888888', '123456', 'Admin'),
(2, 'nana', 'doungmalil', 'ttttttttttt', 'nantawat@gmail.com', '088-888-8888', '123456', 'user'),
(3, 'nantawat', 'user', '72 หมู่', 'nantawut.d@kkumail.com', '099-208-7183', '123456', '');

--
-- Indexes for dumped tables
--

--
-- Indexes for table `menu`
--
ALTER TABLE `menu`
  ADD PRIMARY KEY (`Menu_id`);

--
-- Indexes for table `order`
--
ALTER TABLE `order`
  ADD PRIMARY KEY (`Or_id`);

--
-- Indexes for table `order_detail`
--
ALTER TABLE `order_detail`
  ADD PRIMARY KEY (`Datail_id`);

--
-- Indexes for table `package`
--
ALTER TABLE `package`
  ADD PRIMARY KEY (`Pack_id`);

--
-- Indexes for table `package_pro`
--
ALTER TABLE `package_pro`
  ADD PRIMARY KEY (`i`);

--
-- Indexes for table `payment`
--
ALTER TABLE `payment`
  ADD PRIMARY KEY (`Pay_id`);

--
-- Indexes for table `product`
--
ALTER TABLE `product`
  ADD PRIMARY KEY (`Pro_id`),
  ADD UNIQUE KEY `Pro_id` (`Pro_id`);

--
-- Indexes for table `shopping`
--
ALTER TABLE `shopping`
  ADD PRIMARY KEY (`Sta_id`);

--
-- Indexes for table `user`
--
ALTER TABLE `user`
  ADD PRIMARY KEY (`UserID`);

--
-- AUTO_INCREMENT for dumped tables
--

--
-- AUTO_INCREMENT for table `menu`
--
ALTER TABLE `menu`
  MODIFY `Menu_id` int(11) NOT NULL AUTO_INCREMENT, AUTO_INCREMENT=998131945;

--
-- AUTO_INCREMENT for table `order`
--
ALTER TABLE `order`
  MODIFY `Or_id` int(11) NOT NULL AUTO_INCREMENT, AUTO_INCREMENT=997832095;

--
-- AUTO_INCREMENT for table `order_detail`
--
ALTER TABLE `order_detail`
  MODIFY `Datail_id` int(11) NOT NULL AUTO_INCREMENT, AUTO_INCREMENT=416;

--
-- AUTO_INCREMENT for table `package`
--
ALTER TABLE `package`
  MODIFY `Pack_id` int(11) NOT NULL AUTO_INCREMENT, AUTO_INCREMENT=1002;

--
-- AUTO_INCREMENT for table `package_pro`
--
ALTER TABLE `package_pro`
  MODIFY `i` int(11) NOT NULL AUTO_INCREMENT, AUTO_INCREMENT=3;

--
-- AUTO_INCREMENT for table `payment`
--
ALTER TABLE `payment`
  MODIFY `Pay_id` int(11) NOT NULL AUTO_INCREMENT, AUTO_INCREMENT=28;

--
-- AUTO_INCREMENT for table `shopping`
--
ALTER TABLE `shopping`
  MODIFY `Sta_id` int(11) NOT NULL AUTO_INCREMENT;

--
-- AUTO_INCREMENT for table `user`
--
ALTER TABLE `user`
  MODIFY `UserID` int(11) NOT NULL AUTO_INCREMENT, AUTO_INCREMENT=4;
COMMIT;

/*!40101 SET CHARACTER_SET_CLIENT=@OLD_CHARACTER_SET_CLIENT */;
/*!40101 SET CHARACTER_SET_RESULTS=@OLD_CHARACTER_SET_RESULTS */;
/*!40101 SET COLLATION_CONNECTION=@OLD_COLLATION_CONNECTION */;
